&quot;2&quot;;&quot;milk&quot;
&quot;1&quot;;&quot;soya&quot;
&quot;5&quot;;&quot;shusiking&quot;;&quot;2015-07-23 20:28:53&quot;;&quot;3332222&quot;;&quot;greg@gmail.com&quot;;&quot;3&quot;;&quot;2&quot;;&quot;2&quot;;
&quot;6&quot;;&quot;Gregfood&quot;;&quot;2015-07-23 20:31:22&quot;;&quot;2147483647&quot;;&quot;greglee@gmail.com&quot;;&quot;4&quot;;&quot;2&quot;;&quot;2&quot;;&quot;21 Blarney Street, Cork, Ireland&quot;
&quot;11&quot;;&quot;Jumbo&quot;;&quot;2015-07-24 00:39:45&quot;;&quot;21223322&quot;;&quot;jumbo@gmail.com&quot;;&quot;8&quot;;&quot;1&quot;;&quot;2&quot;;&quot;22 Shandon Street, Cork, Ireland&quot;
&quot;2&quot;;&quot;Cork&quot;
&quot;1&quot;;&quot;Dublin&quot;
&quot;3&quot;;&quot;Galway&quot;
&quot;4&quot;;&quot;Limerick&quot;
&quot;5&quot;;&quot;Waterford&quot;
&quot;1&quot;;&quot;takeaway&quot;
&quot;2&quot;;&quot;restaurant&quot;
&quot;3&quot;;&quot;delifood&quot;
&quot;4&quot;;&quot;fastfood&quot;
&quot;1&quot;;;&quot;gduagduadu@gmail.com&quot;;&quot;qqqq&quot;;&quot;2015-07-22 15:55:49&quot;;&quot;jack lee&quot;;&quot;2345645&quot;
&quot;2&quot;;&quot;dddd&quot;;&quot;ahdsuahdu@gmail.com&quot;;&quot;qqqq&quot;;&quot;2015-07-22 15:58:07&quot;;&quot;fffee&quot;;&quot;23444333&quot;
&quot;3&quot;;&quot;dream&quot;;&quot;yelp@gmail.com&quot;;&quot;qqqq&quot;;&quot;2015-07-22 15:59:26&quot;;&quot;wwee&quot;;&quot;122333433&quot;
&quot;4&quot;;&quot;greg&quot;;&quot;greg@gmail.com&quot;;&quot;1111&quot;;&quot;2015-07-22 16:41:44&quot;;&quot;greg lee&quot;;&quot;566446&quot;
&quot;5&quot;;&quot;zhonglai&quot;;&quot;greglee@gmail.com&quot;;&quot;1111&quot;;&quot;2015-07-23 11:43:03&quot;;&quot;wwww wwww&quot;;&quot;233444&quot;
&quot;6&quot;;&quot;btest1&quot;;&quot;businesstest1@gmail.com&quot;;&quot;test&quot;;&quot;2015-07-24 00:13:32&quot;;&quot;business test&quot;;&quot;122233322&quot;
&quot;7&quot;;&quot;businesstest2&quot;;&quot;businesstest2@gmail.com&quot;;&quot;test2&quot;;&quot;2015-07-24 00:19:05&quot;;&quot;business test2&quot;;&quot;1221211111&quot;
&quot;8&quot;;&quot;btest3&quot;;&quot;businesstest3@gmail.com&quot;;&quot;test3&quot;;&quot;2015-07-24 00:38:32&quot;;&quot;business test3&quot;;&quot;12211222&quot;
&quot;9&quot;;&quot;bt1&quot;;&quot;bt1@gmail.com&quot;;&quot;qqqq&quot;;&quot;2015-07-24 01:58:42&quot;;&quot;bt1&quot;;&quot;1111&quot;
&quot;10&quot;;&quot;bt3&quot;;&quot;bt3@gmail.com&quot;;&quot;test3&quot;;&quot;2015-07-24 09:24:25&quot;;&quot;bt3&quot;;&quot;2111111&quot;
&quot;1&quot;;&quot;dream&quot;;&quot;dreamunicornchn@gmail.com&quot;;&quot;bb900412&quot;;&quot;2015-07-19 15:52:50&quot;;&quot;838024695&quot;
&quot;2&quot;;&quot;mjsmsjs&quot;;&quot;mjskssk&quot;;&quot;password&quot;;&quot;2015-07-19 16:44:28&quot;;NULL
&quot;3&quot;;&quot;asasasa&quot;;&quot;email&quot;;&quot;password&quot;;&quot;2015-07-19 17:03:55&quot;;NULL
&quot;4&quot;;&quot;asasasa222&quot;;&quot;email&quot;;&quot;password&quot;;&quot;2015-07-19 17:04:40&quot;;NULL
&quot;5&quot;;&quot;eeeee&quot;;&quot;dwwww&quot;;&quot;qqqq&quot;;&quot;2015-07-19 23:33:57&quot;;NULL
&quot;6&quot;;&quot;dd&quot;;&quot;ddd&quot;;&quot;dd&quot;;&quot;2015-07-21 13:14:10&quot;;NULL
&quot;8&quot;;&quot;www&quot;;&quot;wwww&quot;;&quot;ww&quot;;&quot;2015-07-21 13:18:15&quot;;NULL
&quot;9&quot;;&quot;qqq&quot;;&quot;qqqq&quot;;&quot;qq&quot;;&quot;2015-07-21 13:19:08&quot;;NULL
&quot;10&quot;;&quot;rrr&quot;;&quot;rrrr&quot;;&quot;rr&quot;;&quot;2015-07-21 13:26:46&quot;;NULL
&quot;11&quot;;&quot;eee&quot;;&quot;eeee&quot;;&quot;ee&quot;;&quot;2015-07-21 13:27:43&quot;;NULL
&quot;12&quot;;&quot;ttt&quot;;&quot;tttt&quot;;&quot;tt&quot;;&quot;2015-07-21 14:06:40&quot;;NULL
&quot;13&quot;;&quot;yyy&quot;;&quot;yyyy&quot;;&quot;yy&quot;;&quot;2015-07-21 14:18:25&quot;;NULL
&quot;14&quot;;&quot;uuu&quot;;&quot;uuuu&quot;;&quot;uu&quot;;&quot;2015-07-21 14:24:08&quot;;NULL
&quot;15&quot;;&quot;iii&quot;;&quot;iiii&quot;;&quot;ii&quot;;&quot;2015-07-21 14:25:24&quot;;NULL
&quot;16&quot;;&quot;ooo&quot;;&quot;oooo&quot;;&quot;oo&quot;;&quot;2015-07-21 14:26:57&quot;;NULL
&quot;17&quot;;&quot;ppp&quot;;&quot;pppp&quot;;&quot;pp&quot;;&quot;2015-07-21 14:29:29&quot;;NULL
&quot;18&quot;;&quot;aaa&quot;;&quot;aaaa&quot;;&quot;aa&quot;;&quot;2015-07-21 14:34:38&quot;;NULL
&quot;19&quot;;&quot;sss&quot;;&quot;ssss&quot;;&quot;ss&quot;;&quot;2015-07-21 14:37:29&quot;;NULL
&quot;20&quot;;&quot;sss&quot;;&quot;ssss&quot;;&quot;ss&quot;;&quot;2015-07-21 15:10:40&quot;;NULL
&quot;21&quot;;&quot;fff&quot;;&quot;ffff&quot;;&quot;ff&quot;;&quot;2015-07-22 13:01:16&quot;;NULL
&quot;22&quot;;&quot;yelp&quot;;&quot;yelp@gmail.com&quot;;&quot;qqqq&quot;;&quot;2015-07-23 23:58:39&quot;;NULL
&quot;24&quot;;&quot;testuser1&quot;;&quot;test1@gmail.com&quot;;&quot;test&quot;;&quot;2015-07-24 00:11:39&quot;;NULL
&quot;25&quot;;&quot;tom&quot;;&quot;tom@gmail.com&quot;;&quot;1111&quot;;&quot;2015-07-24 11:17:24&quot;;NULL
